date,likes
3/1/20,88
3/2/20,104
3/3/20,125
3/4/20,161
3/5/20,228
3/6/20,311
3/7/20,428
3/8/20,547
3/9/20,748
3/10/20,1018
3/11/20,1263
3/12/20,1668
3/13/20,2224
3/14/20,2898
3/15/20,3600
3/16/20,4507
3/17/20,5906
3/18/20,8350
3/19/20,12393
3/20/20,18012
3/21/20,24528
3/22/20,33073
3/23/20,43505
3/24/20,53938
3/25/20,68572
3/26/20,85570
3/27/20,102900
3/28/20,123966
3/29/20,142486
3/30/20,163955
3/31/20,188461
4/1/20,215391
4/2/20,245108
4/3/20,277426
4/4/20,312525
4/5/20,338141
4/6/20,369057
4/7/20,399394
4/8/20,431214
4/9/20,465913
4/10/20,499386
4/11/20,531106
4/12/20,558249
4/13/20,584018
4/14/20,610709
4/15/20,640742
4/16/20,672355
4/17/20,703864
4/18/20,732262
4/19/20,757596
4/20/20,784991
4/21/20,810505
4/22/20,839336
4/23/20,873112
4/24/20,909853
4/25/20,944261
4/26/20,970996
4/27/20,994193
4/28/20,1018844
4/29/20,1045399
4/30/20,1075756
5/1/20,1109726
5/2/20,1139200
5/3/20,1165340
5/4/20,1187302
5/5/20,1211011
5/6/20,1235517
5/7/20,1263995
5/8/20,1291643
5/9/20,1316511
5/10/20,1336828
5/11/20,1354449
5/12/20,1376749
5/13/20,1397894
5/14/20,1424856
5/15/20,1451093
5/16/20,1474752
5/17/20,1493766
5/18/20,1515593
5/19/20,1536570
5/20/20,1559640
5/21/20,1585373
5/22/20,1609172
5/23/20,1631440
5/24/20,1651471
5/25/20,1670571
5/26/20,1689467
5/27/20,1708211
5/28/20,1730723
5/29/20,1755271
5/30/20,1778668
5/31/20,1799302
6/1/20,1821199
6/2/20,1841990
6/3/20,1861977
6/4/20,1883593
6/5/20,1912302
6/6/20,1934818
6/7/20,1953434
6/8/20,1971641
6/9/20,1990446
6/10/20,2013298
6/11/20,2036500
6/12/20,2061993
6/13/20,2087327
6/14/20,2106457
6/15/20,2126574
6/16/20,2151459
6/17/20,2177114
6/18/20,2205173
6/19/20,2236009
6/20/20,2268034
6/21/20,2294413
6/22/20,2324879
6/23/20,2359939
6/24/20,2396928
6/25/20,2438101
6/26/20,2483629
6/27/20,2525928
6/28/20,2565436
6/29/20,2604932
6/30/20,2653321
7/1/20,2703296
7/2/20,2758855
7/3/20,2816009
7/4/20,2866015
7/5/20,2910782
7/6/20,2958098
7/7/20,3012182
7/8/20,3071637
7/9/20,3131526
7/10/20,3199753
7/11/20,3260474
7/12/20,3318279
7/13/20,3379846
7/14/20,3445448
7/15/20,3513790
7/16/20,3589477
7/17/20,3660400
7/18/20,3722851
7/19/20,3785126
7/20/20,3845014
7/21/20,3910291
7/22/20,3980030
7/23/20,4050036
7/24/20,4123561
7/25/20,4190337
7/26/20,4244554
7/27/20,4303735
7/28/20,4366851
7/29/20,4433633
7/30/20,4502581
7/31/20,4571669
8/1/20,4628497
8/2/20,4679291
8/3/20,4726775
8/4/20,4780324
8/5/20,4834047
8/6/20,4891561
8/7/20,4952718
8/8/20,5007958
8/9/20,5056438
8/10/20,5103611
8/11/20,5156968
8/12/20,5211246
8/13/20,5265307
8/14/20,5324784
8/15/20,5375527
8/16/20,5417664
8/17/20,5455187
8/18/20,5498420
8/19/20,5541433
8/20/20,5587462
8/21/20,5636491
8/22/20,5681517
8/23/20,5713850
8/24/20,5754254
8/25/20,5793437
8/26/20,5838756
8/27/20,5884368
8/28/20,5930932
8/29/20,5975541
8/30/20,6008970
8/31/20,6045457
9/1/20,6089506
9/2/20,6121950
9/3/20,6168347
9/4/20,6220448
9/5/20,6262701
9/6/20,6292696
9/7/20,6317861
9/8/20,6346807
9/9/20,6380139
9/10/20,6418200
9/11/20,6465767
9/12/20,6504871
9/13/20,6538214
9/14/20,6575101
9/15/20,6614318
9/16/20,6653586
9/17/20,6698896
9/18/20,6747783
9/19/20,6789594
9/20/20,6825950
9/21/20,6880902
9/22/20,6918293
9/23/20,6959842
9/24/20,7005046
9/25/20,7059627
9/26/20,7102322
9/27/20,7139620
9/28/20,7176980
9/29/20,7220677
9/30/20,7262735
10/1/20,7309153
10/2/20,7362733
10/3/20,7410512
10/4/20,7445575
10/5/20,7507988
10/6/20,7550850
10/7/20,7603867
10/8/20,7660249
10/9/20,7719211
10/10/20,7770859
10/11/20,7815642
10/12/20,7863658
10/13/20,7918051
10/14/20,7977903
10/15/20,8043257
10/16/20,8113721
10/17/20,8166482
10/18/20,8214364
10/19/20,8279804
10/20/20,8340398
10/21/20,8404635
10/22/20,8479765
10/23/20,8565062
10/24/20,8643641
10/25/20,8703356
10/26/20,8777994
10/27/20,8852381
10/28/20,8934263
10/29/20,9024932
10/30/20,9124800
10/31/20,9209007
11/1/20,9283202
11/2/20,9377208
11/3/20,9469624
11/4/20,9577702
11/5/20,9699051
11/6/20,9831874
11/7/20,9957805
11/8/20,10061218
11/9/20,10191667
11/10/20,10331417
11/11/20,10474295
11/12/20,10637946
11/13/20,10819442
11/14/20,10978475
11/15/20,11113661
11/16/20,11280224
11/17/20,11441855
11/18/20,11614135
11/19/20,11801643
11/20/20,12000502
11/21/20,12172435
11/22/20,12313229
11/23/20,12492852
11/24/20,12670710
11/25/20,12851300
11/26/20,12954294
11/27/20,13160133
11/28/20,13311541
11/29/20,13447663
11/30/20,13615321
12/1/20,13799549
12/2/20,14000721
12/3/20,14218459
12/4/20,14449827
12/5/20,14655535
12/6/20,14827456
12/7/20,15031979
12/8/20,15251693
12/9/20,15471409
12/10/20,15696634
12/11/20,15977147
12/12/20,16184679
12/13/20,16368898
12/14/20,16569783
12/15/20,16772936
12/16/20,17017763
12/17/20,17255472
12/18/20,17506662
12/19/20,17700567
12/20/20,17880478
12/21/20,18081996
12/22/20,18283633
12/23/20,18511396
12/24/20,18704907
12/25/20,18805838
12/26/20,19022699
12/27/20,19174788
12/28/20,19363798
12/29/20,19564828
12/30/20,19793777
12/31/20,20024801
1/1/21,20172049
1/2/21,20463659
1/3/21,20665439
1/4/21,20917269
1/5/21,21152285
1/6/21,21408251
1/7/21,21688585
1/8/21,21989362
1/9/21,22241281
1/10/21,22449576
1/11/21,22675892
1/12/21,22905869
1/13/21,23135194
1/14/21,23374716
1/15/21,23614569
1/16/21,23816762
1/17/21,23986856
1/18/21,24127989
1/19/21,24314933
1/20/21,24500421
1/21/21,24690903
1/22/21,24882468
1/23/21,25050385
1/24/21,25180061
1/25/21,25336637
1/26/21,25487275
1/27/21,25643045
1/28/21,25809220
1/29/21,25973835
1/30/21,26107635
1/31/21,26221430
2/1/21,26363284
2/2/21,26478540
2/3/21,26598723
2/4/21,26724359
2/5/21,26853860
2/6/21,26958807
2/7/21,27046088
2/8/21,27139070
2/9/21,27235460
2/10/21,27330435
2/11/21,27436075
2/12/21,27535702
2/13/21,27620354
2/14/21,27684134
2/15/21,27739406
2/16/21,27803946
2/17/21,27874107
2/18/21,27945898
2/19/21,28023910
2/20/21,28093630
2/21/21,28148810
2/22/21,28208276
2/23/21,28280189
2/24/21,28354383
2/25/21,28432264
2/26/21,28510582
2/27/21,28573256
2/28/21,28624161
3/1/21,28680857
3/2/21,28738501
3/3/21,28805113
3/4/21,28872395
3/5/21,28938090
3/6/21,28994675
3/7/21,29034739
3/8/21,29129252
3/9/21,29185151
3/10/21,29243346
3/11/21,29305733
3/12/21,29369899
3/13/21,29419456
3/14/21,29457445
3/15/21,29514609
3/16/21,29569140
3/17/21,29628071
3/18/21,29688541
3/19/21,29749164
3/20/21,29803589
3/21/21,29837782
3/22/21,29892498
3/23/21,29949244
3/24/21,30029147
3/25/21,30098263
3/26/21,30172762
3/27/21,30233462
3/28/21,30277977
3/29/21,30348716
3/30/21,30410950
3/31/21,30478886
4/1/21,30556079
4/2/21,30624668
4/3/21,30688804
4/4/21,30725627
4/5/21,30802221
4/6/21,30864193
4/7/21,30937283
4/8/21,31017741
4/9/21,31099323
4/10/21,31164081
4/11/21,31212058
4/12/21,31283990
4/13/21,31361311
4/14/21,31437061
4/15/21,31510755
4/16/21,31589109
4/17/21,31642983
4/18/21,31684382
4/19/21,31754642
4/20/21,31815666
4/21/21,31878161
4/22/21,31944402
4/23/21,32008186
4/24/21,32058654
4/25/21,32092245
4/26/21,32139580
4/27/21,32191457
4/28/21,32246275
4/29/21,32303857
4/30/21,32362374
5/1/21,32407133
5/2/21,32436765
5/3/21,32486709
5/4/21,32527664
5/5/21,32572383
5/6/21,32620077
5/7/21,32667570
5/8/21,32701236
5/9/21,32723564
5/10/21,32760121
5/11/21,32794162
5/12/21,32829645
5/13/21,32868084
5/14/21,32909065
5/15/21,32938115
5/16/21,32954825
5/17/21,32984032
5/18/21,33011895
5/19/21,33040689
5/20/21,33070307
5/21/21,33099318
5/22/21,33117634
5/23/21,33131784
5/24/21,33157412
5/25/21,33180250
5/26/21,33203636
5/27/21,33231383
5/28/21,33253407
5/29/21,33264967
5/30/21,33272409
5/31/21,33277912
6/1/21,33300626
6/2/21,33317484
6/3/21,33336953
6/4/21,33312953
6/5/21,33323401
6/6/21,33329554
6/7/21,33349005
6/8/21,33363189
6/9/21,33383852
6/10/21,33399648
6/11/21,33416473
6/12/21,33424751
6/13/21,33431538
6/14/21,33446657
6/15/21,33458529
6/16/21,33472935
6/17/21,33485122
6/18/21,33497837
6/19/21,33505416
6/20/21,33509479
6/21/21,33525323
6/22/21,33538085
6/23/21,33552112
6/24/21,33566803
6/25/21,33581766
6/26/21,33588555
6/27/21,33592642
6/28/21,33608190
6/29/21,33623919
6/30/21,33639892
7/1/21,33656397
7/2/21,33677066
7/3/21,33681756
7/4/21,33685247
7/5/21,33690454
7/6/21,33714142
7/7/21,33746559
7/8/21,33769662
7/9/21,33804834
7/10/21,33813725
7/11/21,33820008
7/12/21,33852802
7/13/21,33894515
7/14/21,33932356
7/15/21,33967961
7/16/21,34019851
7/17/21,34032851
7/18/21,34042378
7/19/21,34098206
7/20/21,34160690
7/21/21,34222629
7/22/21,34286340
7/23/21,34368845
7/24/21,34391317
7/25/21,34405810