date,likes,CA,TX,NY,CA_new,TX_new,NY_new
2020-03-01,88,33,11,1,5,0,1
2020-03-02,104,38,11,1,5,0,0
2020-03-03,125,45,11,2,7,0,1
2020-03-04,161,55,12,11,10,1,9
2020-03-05,228,67,16,22,12,4,11
2020-03-06,311,81,19,44,14,3,22
2020-03-07,428,100,19,89,19,0,45
2020-03-08,547,112,23,106,12,4,17
2020-03-09,748,172,24,142,60,1,36
2020-03-10,1018,179,31,173,7,7,31
2020-03-11,1263,202,33,217,23,2,44
2020-03-12,1668,252,41,326,50,8,109
2020-03-13,2224,320,58,421,68,17,95
2020-03-14,2898,381,69,610,61,11,189
2020-03-15,3600,478,80,732,97,11,122
2020-03-16,4507,588,87,950,110,7,218
2020-03-17,5906,732,106,1375,144,19,425
2020-03-18,8350,893,166,2387,161,60,1012
2020-03-19,12393,1067,248,4161,174,82,1774
2020-03-20,18012,1283,386,7113,216,138,2952
2020-03-21,24528,1544,547,10371,261,161,3258
2020-03-22,33073,1851,639,15188,307,92,4817
2020-03-23,43505,2240,728,20899,389,89,5711
2020-03-24,53938,2644,857,25704,404,129,4805
2020-03-25,68572,3183,1132,33117,539,275,7413
2020-03-26,85570,4060,1542,39058,877,410,5941
2020-03-27,102900,4915,1971,44746,855,429,5688
2020-03-28,123966,5566,2381,53517,651,410,8771
2020-03-29,142486,6321,2722,59783,755,341,6266
2020-03-30,163955,7421,3065,67504,1100,343,7721
2020-03-31,188461,8583,3588,76211,1162,523,8707
2020-04-01,215391,9857,4402,84364,1274,814,8153
2020-04-02,245108,11190,4952,93360,1333,550,8996
2020-04-03,277426,12569,5773,103689,1379,821,10329
2020-04-04,312525,13796,6566,115963,1227,793,12274
2020-04-05,338141,15202,7117,124085,1406,551,8122
2020-04-06,369057,16361,8150,133389,1159,1033,9304
2020-04-07,399394,17540,8968,141703,1179,818,8314
2020-04-08,431214,19043,9897,151271,1503,929,9568
2020-04-09,465913,20191,11372,162036,1148,1475,10765
2020-04-10,499386,21366,12291,172830,1175,919,10794
2020-04-11,531106,22421,13208,182990,1055,917,10160
2020-04-12,558249,23323,13776,191425,902,568,8435
2020-04-13,584018,24334,14487,197973,1011,711,6548
2020-04-14,610709,25758,15303,205375,1424,816,7402
2020-04-15,640742,27107,16106,217130,1349,803,11755
2020-04-16,672355,28142,16928,225761,1035,822,8631
2020-04-17,703864,29398,18131,233293,1256,1203,7532
2020-04-18,732262,30829,18927,240542,1431,796,7249
2020-04-19,757596,31544,19441,246741,715,514,6199
2020-04-20,784991,33862,20035,251608,2318,594,4867
2020-04-21,810505,35844,20949,255932,1982,914,4324
2020-04-22,839336,37573,21769,261591,1729,820,5659
2020-04-23,873112,39534,22706,267932,1961,937,6341
2020-04-24,909853,41368,23650,276218,1834,944,8286
2020-04-25,944261,42590,24494,286901,1222,844,10683
2020-04-26,970996,43691,25209,292914,1101,715,6013
2020-04-27,994193,45208,25963,296991,1517,754,4077
2020-04-28,1018844,46570,26868,300276,1362,905,3285
2020-04-29,1045399,48904,27839,304994,2334,971,4718
2020-04-30,1075756,50470,29072,309696,1566,1233,4702
2020-05-01,1109726,52318,30342,313575,1848,1270,3879
2020-05-02,1139200,53753,31433,318134,1435,1091,4559
2020-05-03,1165340,55072,32299,321833,1319,866,3699
2020-05-04,1187302,56333,33134,324357,1261,835,2524
2020-05-05,1211011,58848,34286,326659,2515,1152,2302
2020-05-06,1235517,60787,35441,329405,1939,1155,2746
2020-05-07,1263995,62481,36682,332931,1694,1241,3526
2020-05-08,1291643,64616,37943,335804,2135,1261,2873
2020-05-09,1316511,66824,38849,338519,2208,906,2715
2020-05-10,1336828,68051,40037,340657,1227,1188,2138
2020-05-11,1354449,69514,40988,342267,1463,951,1610
2020-05-12,1376749,71150,42348,343705,1636,1360,1438
2020-05-13,1397894,73218,43822,345828,2068,1474,2123
2020-05-14,1424856,74947,45169,348192,1729,1347,2364
2020-05-15,1451093,77015,46987,350951,2068,1818,2759
2020-05-16,1474752,78933,47866,353136,1918,879,2185
2020-05-17,1493766,80366,48828,355037,1433,962,1901
2020-05-18,1515593,81943,49788,356278,1577,960,1241
2020-05-19,1536570,83981,51080,357757,2038,1292,1479
2020-05-20,1559640,86125,52369,359235,2144,1289,1478
2020-05-21,1585373,88488,53441,361313,2363,1072,2078
2020-05-22,1609172,90801,54369,362991,2313,928,1678
2020-05-23,1631440,92815,55451,364745,2014,1082,1754
2020-05-24,1651471,94743,56050,366346,1928,599,1601
2020-05-25,1670571,97017,56490,367625,2274,440,1279
2020-05-26,1689467,99924,57573,368669,2907,1083,1044
2020-05-27,1708211,101873,59105,369801,1949,1532,1132
2020-05-28,1730723,104071,60820,371559,2198,1715,1758
2020-05-29,1755271,107043,62073,373108,2972,1253,1549
2020-05-30,1778668,110100,63396,374471,3057,1323,1363
2020-05-31,1799302,113114,64974,375575,3014,1578,1104
2020-06-01,1821199,115643,66081,376520,2529,1107,945
2020-06-02,1841990,118081,67966,377881,2438,1885,1361
2020-06-03,1861977,120407,69546,378924,2326,1580,1043
2020-06-04,1883593,122917,71330,379977,2510,1784,1053
2020-06-05,1912302,126510,73323,381019,3593,1993,1042
2020-06-06,1934818,129147,75077,382102,2637,1754,1083
2020-06-07,1953434,131997,75948,382879,2850,871,777
2020-06-08,1971641,134287,77326,383591,2290,1378,712
2020-06-09,1990446,137245,79271,384281,2958,1945,690
2020-06-10,2013298,140139,81771,384945,2894,2500,664
2020-06-11,2036500,143709,83772,385669,3570,2001,724
2020-06-12,2061993,147285,86031,386490,3576,2259,821
2020-06-13,2087327,150434,88120,387402,3149,2089,912
2020-06-14,2106457,152953,89542,388096,2519,1422,694
2020-06-15,2126574,155662,91726,388719,2709,2184,623
2020-06-16,2151459,159131,95973,389349,3469,4247,630
2020-06-17,2177114,163381,99466,389910,4250,3493,561
2020-06-18,2205173,167135,102677,390536,3754,3211,626
2020-06-19,2236009,170843,107322,391330,3708,4645,794
2020-06-20,2268034,174854,111594,392037,4011,4272,707
2020-06-21,2294413,178807,114886,392702,3953,3292,665
2020-06-22,2324879,184620,119646,393257,5813,4760,555
2020-06-23,2359939,191039,124726,393855,6419,5080,598
2020-06-24,2396928,195889,131310,394430,4850,6584,575
2020-06-25,2438101,201413,136783,395168,5524,5473,738
2020-06-26,2483629,207027,142582,395972,5614,5799,804
2020-06-27,2525928,211453,148639,396669,4426,6057,697
2020-06-28,2565436,216955,152866,397293,5502,4227,624
2020-06-29,2604932,223995,158756,397684,7040,5890,391
2020-06-30,2653321,232153,166703,398142,8158,7947,458
2020-07-01,2703296,239764,174826,398770,7611,8123,628
2020-07-02,2758855,248198,182260,399642,8434,7434,872
2020-07-03,2816009,256298,190049,400561,8100,7789,919
2020-07-04,2866015,265176,195707,401286,8878,5658,725
2020-07-05,2910782,271587,200137,401822,6411,4430,536
2020-07-06,2958098,277869,209350,402338,6282,9213,516
2020-07-07,3012182,287766,219164,402928,9897,9814,590
2020-07-08,3071637,296304,229116,403619,8538,9952,691
2020-07-09,3131526,303516,240025,404207,7212,10909,588
2020-07-10,3199753,311505,249948,404997,7989,9923,790
2020-07-11,3260474,320030,258280,405724,8525,8332,727
2020-07-12,3318279,327676,264811,406403,7646,6531,679
2020-07-13,3379846,336206,273732,406962,8530,8921,559
2020-07-14,3445448,346593,284638,407875,10387,10906,913
2020-07-15,3513790,355497,296478,408709,8904,11840,834
2020-07-16,3589477,364761,311516,409476,9264,15038,767
2020-07-17,3660400,374922,321254,410254,10161,9738,778
2020-07-18,3722851,383194,330059,411006,8272,8805,752
2020-07-19,3785126,391460,338036,411515,8266,7977,509
2020-07-20,3845014,400195,345672,412034,8735,7636,519
2020-07-21,3910291,410366,355594,412889,10171,9922,855
2020-07-22,3980030,422528,366561,413595,12162,10967,706
2020-07-23,4050036,433175,376104,414405,10647,9543,810
2020-07-24,4123561,443096,383662,415163,9921,7558,758
2020-07-25,4190337,453327,391609,415911,10231,7947,748
2020-07-26,4244554,459338,395738,416443,6011,4129,532
2020-07-27,4303735,467103,402295,417056,7765,6557,613
2020-07-28,4366851,474951,412849,417591,7848,10554,535
2020-07-29,4433633,486039,421891,418302,11088,9042,711
2020-07-30,4502581,494269,432134,419081,8230,10243,779
2020-07-31,4571669,502273,443090,419723,8004,10956,642
2020-08-01,4628497,509507,448224,420477,7234,5134,754
2020-08-02,4679291,515937,454759,421008,6430,6535,531
2020-08-03,4726775,522235,463541,421550,6298,8782,542
2020-08-04,4780324,527258,473105,422296,5023,9564,746
2020-08-05,4834047,532776,482467,422935,5518,9362,639
2020-08-06,4891561,541013,490102,423629,8237,7635,694
2020-08-07,4952718,548142,498266,424349,7129,8164,720
2020-08-08,5007958,556158,504605,425055,8016,6339,706
2020-08-09,5056438,563244,510392,425568,7086,5787,513
2020-08-10,5103611,574267,517182,426046,11023,6790,478
2020-08-11,5156968,586078,524898,426713,11811,7716,667
2020-08-12,5211246,595097,531825,427419,9019,6927,706
2020-08-13,5265307,603212,538805,428155,8115,6980,736
2020-08-14,5324784,613243,547670,428879,10031,8865,724
2020-08-15,5375527,621981,555343,429617,8738,7673,738
2020-08-16,5417664,628508,563464,430226,6527,8121,609
2020-08-17,5455187,634991,569058,430636,6483,5594,410
2020-08-18,5498420,640499,577220,431298,5508,8162,662
2020-08-19,5541433,646742,582623,431924,6243,5403,626
2020-08-20,5587462,653401,587900,432523,6659,5277,599
2020-08-21,5636491,659991,593405,433230,6590,5505,707
2020-08-22,5681517,665325,599156,433881,5334,5751,651
2020-08-23,5713850,669944,602144,434462,4619,2988,581
2020-08-24,5754254,676236,607621,434866,6292,5477,404
2020-08-25,5793437,682320,613707,435495,6084,6086,629
2020-08-26,5838756,687612,619836,436063,5292,6129,568
2020-08-27,5884368,692964,623647,436852,5352,3811,789
2020-08-28,5930932,698391,628492,437487,5427,4845,635
2020-08-29,5975541,702500,633834,438122,4109,5342,635
2020-08-30,6008970,706589,636547,438831,4089,2713,709
2020-08-31,6045457,712543,640317,439480,5954,3770,649
2020-09-01,6089506,716630,645534,440237,4087,5217,757
2020-09-02,6121950,722037,649844,440947,5407,4310,710
2020-09-03,6168347,727403,653321,441835,5366,3477,888
2020-09-04,6220448,732693,658789,442698,5290,5468,863
2020-09-05,6262701,737074,663246,443497,4381,4457,799
2020-09-06,6292696,740230,665338,444226,3156,2092,729
2020-09-07,6317861,742685,666209,444751,2455,871,525
2020-09-08,6346807,746114,670427,445308,3429,4218,557
2020-09-09,6380139,749197,675149,445881,3083,4722,573
2020-09-10,6418200,753019,677888,446637,3822,2739,756
2020-09-11,6465767,757126,683295,447498,4107,5407,861
2020-09-12,6504871,760582,685921,448347,3456,2626,849
2020-09-13,6538214,763390,689941,449072,2808,4020,725
2020-09-14,6575101,767063,694547,449658,3673,4606,586
2020-09-15,6614318,769918,701509,450425,2855,6962,767
2020-09-16,6653586,773319,706034,451078,3401,4525,653
2020-09-17,6698896,776945,710423,451971,3626,4389,893
2020-09-18,6747783,781437,713652,452764,4492,3229,793
2020-09-19,6789594,785077,716914,453747,3640,3262,983
2020-09-20,6825950,788078,722460,454612,3001,5546,865
2020-09-21,6880902,792220,744736,455187,4142,22276,575
2020-09-22,6918293,795080,749069,455938,2860,4333,751
2020-09-23,6959842,798351,753551,456604,3271,4482,666
2020-09-24,7005046,801674,758379,457557,3323,4828,953
2020-09-25,7059627,805736,761644,458466,4062,3265,909
2020-09-26,7102322,809215,764642,459472,3479,2998,1006
2020-09-27,7139620,811699,770539,460340,2484,5897,868
2020-09-28,7176980,814797,773679,461176,3098,3140,836
2020-09-29,7220677,817940,780543,462364,3143,6864,1188
2020-09-30,7262735,821126,784027,463369,3186,3484,1005
2020-10-01,7309153,824307,788066,464752,3181,4039,1383
2020-10-02,7362733,828365,793962,466353,4058,5896,1601
2020-10-03,7410512,831495,799411,468081,3130,5449,1728
2020-10-04,7445575,834636,802440,469307,3141,3029,1226
2020-10-05,7507988,837722,806535,470244,3086,4095,937
2020-10-06,7550850,840324,811191,471638,2602,4656,1394
2020-10-07,7603867,843734,817166,472994,3410,5975,1356
2020-10-08,7660249,847385,821732,474829,3651,4566,1835
2020-10-09,7719211,851229,826241,476422,3844,4509,1593
2020-10-10,7770859,854303,829758,477870,3074,3517,1448
2020-10-11,7815642,857077,832750,479013,2774,2992,1143
2020-10-12,7863658,859960,836807,480045,2883,4057,1032
2020-10-13,7918051,863614,842316,481436,3654,5509,1391
2020-10-14,7977903,867093,848168,482671,3479,5852,1235
2020-10-15,8043257,870380,853977,484135,3287,5809,1464
2020-10-16,8113721,874102,859567,485838,3722,5590,1703
2020-10-17,8166482,876258,863993,487626,2156,4426,1788
2020-10-18,8214364,878395,869376,489016,2137,5383,1390
2020-10-19,8279804,882666,874080,490015,4271,4704,999
2020-10-20,8340398,887094,879949,491216,4428,5869,1201
2020-10-21,8404635,890154,886421,493245,3060,6472,2029
2020-10-22,8479765,896427,891714,494874,6273,5293,1629
2020-10-23,8565062,902328,899390,496510,5901,7676,1636
2020-10-24,8643641,906645,906657,498568,4317,7267,2058
2020-10-25,8703356,909345,910592,500201,2700,3935,1633
2020-10-26,8777994,913707,917240,501393,4362,6648,1192
2020-10-27,8852381,918635,924475,503387,4928,7235,1994
2020-10-28,8934263,922685,932245,505416,4050,7770,2029
2020-10-29,9024932,926910,939355,507913,4225,7110,2497
2020-10-30,9124800,931843,946023,510171,4933,6668,2258
2020-10-31,9209007,935262,953451,512223,3419,7428,2052
2020-11-01,9283202,938897,957789,514482,3635,4338,2259
2020-11-02,9377208,944148,965780,516114,5251,7991,1632
2020-11-03,9469624,949390,974292,518431,5242,8512,2317
2020-11-04,9577702,954629,984919,520557,5239,10627,2126
2020-11-05,9699051,960905,993894,523559,6276,8975,3002
2020-11-06,9831874,967618,1003908,526767,6713,10014,3208
2020-11-07,9957805,972821,1009837,530354,5203,5929,3587
2020-11-08,10061218,978861,1016772,533784,6040,6935,3430
2020-11-09,10191667,985623,1026570,536933,6762,9798,3149
2020-11-10,10331417,994366,1038214,540897,8743,11644,3964
2020-11-11,10474295,999516,1051071,545718,5150,12857,4821
2020-11-12,10637946,1009216,1060798,550516,9700,9727,4798
2020-11-13,10819442,1019080,1073382,555917,9864,12584,5401
2020-11-14,10978475,1027044,1083132,561308,7964,9750,5391
2020-11-15,11113661,1036008,1090500,564952,8964,7368,3644
2020-11-16,11280224,1047390,1101781,568450,11382,11281,3498
2020-11-17,11441855,1058123,1112676,573544,10733,10895,5094
2020-11-18,11614135,1069544,1125898,578826,11421,13222,5282
2020-11-19,11801643,1082705,1139676,584128,13161,13778,5302
2020-11-20,12000502,1096427,1153363,589605,13722,13687,5477
2020-11-21,12172435,1109869,1164267,595581,13442,10904,5976
2020-11-22,12313229,1118673,1172761,600967,8804,8494,5386
2020-11-23,12492852,1136498,1183834,606878,17825,11073,5911
2020-11-24,12670710,1153032,1204366,611756,16534,20532,4878
2020-11-25,12851300,1167176,1219283,618023,14144,14917,6267
2020-11-26,12954294,1176159,1223893,624961,8983,4610,6938
2020-11-27,13160133,1193089,1228514,633140,16930,4621,8179
2020-11-28,13311541,1206296,1234740,639200,13207,6226,6060
2020-11-29,13447663,1219511,1246883,645932,13215,12143,6732
2020-11-30,13615321,1237238,1261943,652748,17727,15060,6816
2020-12-01,13799549,1253905,1275295,660041,16667,13352,7293
2020-12-02,14000721,1272079,1293839,669016,18174,18544,8975
2020-12-03,14218459,1293937,1311751,678869,21858,17912,9853
2020-12-04,14449827,1318188,1325855,690143,24251,14104,11274
2020-12-05,14655535,1343193,1337030,700902,25005,11175,10759
2020-12-06,14827456,1371985,1346249,710612,28792,9219,9710
2020-12-07,15031979,1399239,1361070,718991,27254,14821,8379
2020-12-08,15251693,1425501,1374960,728010,26262,13890,9019
2020-12-09,15471409,1457273,1390227,738947,31772,15267,10937
2020-12-10,15696634,1491132,1403359,749204,33859,13132,10257
2020-12-11,15977147,1528237,1461605,759765,37105,58246,10561
2020-12-12,16184679,1554920,1473080,770804,26683,11475,11039
2020-12-13,16368898,1590726,1479805,780831,35806,6725,10027
2020-12-14,16569783,1620916,1493407,789815,30190,13602,8984
2020-12-15,16772936,1655166,1513068,799551,34250,19661,9736
2020-12-16,17017763,1716108,1534822,808929,60942,21754,9378
2020-12-17,17255472,1761430,1551333,819427,45322,16511,10498
2020-12-18,17506662,1809673,1570679,832033,48243,19346,12606
2020-12-19,17700567,1847031,1584055,841946,37358,13376,9913
2020-12-20,17880478,1889914,1591885,851400,42883,7830,9454
2020-12-21,18081996,1933169,1608768,860856,43255,16883,9456
2020-12-22,18283633,1968541,1630886,871155,35372,22118,10299
2020-12-23,18511396,2013298,1651560,882895,44757,20674,11740
2020-12-24,18704907,2048014,1659551,896242,34716,7991,13347
2020-12-25,18805838,2064763,1661619,909123,16749,2068,12881
2020-12-26,19022699,2129749,1667352,920171,64986,5733,11048
2020-12-27,19174788,2167303,1690021,928376,37554,22669,8205
2020-12-28,19363798,2209024,1710489,938710,41721,20468,10334
2020-12-29,19564828,2243191,1734268,950730,34167,23779,12020
2020-12-30,19793777,2275565,1753686,963647,32374,19418,12917
2020-12-31,20024801,2307860,1770527,979040,32295,16841,15393
2021-01-01,20172049,2345811,1778306,996073,37951,7779,17033
2021-01-02,20463659,2398005,1792363,1011922,52194,14057,15849
2021-01-03,20665439,2433916,1808382,1024154,35911,16019,12232
2021-01-04,20917269,2474639,1831486,1035396,40723,23104,11242
2021-01-05,21152285,2511923,1862478,1048538,37284,30992,13142
2021-01-06,21408251,2548830,1887800,1064554,36907,25322,16016
2021-01-07,21688585,2589250,1910426,1082142,40420,22626,17588
2021-01-08,21989362,2640221,1934504,1101702,50971,24078,19560
2021-01-09,22241281,2687450,1952047,1119541,47229,17543,17839
2021-01-10,22449576,2729858,1966081,1135849,42408,14034,16308
2021-01-11,22675892,2770482,1989821,1150028,40624,23740,14179
2021-01-12,22905869,2816366,2017036,1164819,45884,27215,14791
2021-01-13,23135194,2858041,2040144,1179523,41675,23108,14704
2021-01-14,23374716,2898756,2070044,1193710,40715,29900,14187
2021-01-15,23614569,2937860,2094606,1213179,39104,24562,19469
2021-01-16,23816762,2975419,2112925,1229124,37559,18319,15945
2021-01-17,23986856,3006966,2125391,1242818,31547,12466,13694
2021-01-18,24127989,3032359,2136595,1256228,25393,11204,13410
2021-01-19,24314933,3071465,2158462,1268949,39106,21867,12721
2021-01-20,24500421,3090794,2186469,1280068,19329,28007,11119
2021-01-21,24690903,3116369,2207935,1293976,25575,21466,13908
2021-01-22,24882468,3141404,2226203,1309660,25035,18268,15684
2021-01-23,25050385,3164386,2240136,1323569,22982,13933,13909
2021-01-24,25180061,3186036,2247849,1335952,21650,7713,12383
2021-01-25,25336637,3212939,2268260,1347924,26903,20411,11972
2021-01-26,25487275,3234571,2288854,1358964,21632,20594,11040
2021-01-27,25643045,3253201,2308600,1369329,18630,19746,10365
2021-01-28,25809220,3272829,2328099,1383112,19628,19499,13783
2021-01-29,25973835,3292572,2346818,1396063,19743,18719,12951
2021-01-30,26107635,3310100,2360584,1408955,17528,13766,12892
2021-01-31,26221430,3324064,2372960,1420164,13964,12376,11209
2021-02-01,26363284,3341656,2412150,1429096,17592,39190,8932
2021-02-02,26478540,3354544,2430370,1437045,12888,18220,7949
2021-02-03,26598723,3367104,2448334,1444199,12560,17964,7154
2021-02-04,26724359,3381785,2461907,1451169,14681,13573,6970
2021-02-05,26853860,3395797,2476282,1459066,14012,14375,7897
2021-02-06,26958807,3407369,2484782,1470558,11572,8500,11492
2021-02-07,27046088,3417563,2492317,1480481,10194,7535,9923
2021-02-08,27139070,3431179,2503200,1489453,13616,10883,8972
2021-02-09,27235460,3441692,2516432,1497732,10513,13232,8279
2021-02-10,27330435,3450284,2529516,1504316,8592,13084,6584
2021-02-11,27436075,3460901,2541392,1514327,10617,11876,10011
2021-02-12,27535702,3470426,2553677,1523042,9525,12285,8715
2021-02-13,27620354,3479586,2561684,1531797,9160,8007,8755
2021-02-14,27684134,3485533,2566191,1540127,5947,4507,8330
2021-02-15,27739406,3490542,2569113,1546665,5009,2922,6538
2021-02-16,27803946,3499336,2572743,1553374,8794,3630,6709
2021-02-17,27874107,3505610,2577230,1559299,6274,4487,5925
2021-02-18,27945898,3513458,2579584,1568881,7848,2354,9582
2021-02-19,28023910,3521349,2585482,1577454,7891,5898,8573
2021-02-20,28093630,3527411,2590989,1585692,6062,5507,8238
2021-02-21,28148810,3532057,2597379,1591929,4646,6390,6237
2021-02-22,28208276,3537033,2604710,1598226,4976,7331,6297
2021-02-23,28280189,3543293,2614977,1605149,6260,10267,6923
2021-02-24,28354383,3549145,2622573,1611288,5852,7596,6139
2021-02-25,28432264,3554779,2630384,1620181,5634,7811,8893
2021-02-26,28510582,3561681,2641266,1628255,6902,10882,8074
2021-02-27,28573256,3566089,2646681,1636297,4408,5415,8042
2021-02-28,28624161,3569578,2650283,1644124,3489,3602,7827
2021-03-01,28680857,3573775,2658389,1650560,4197,8106,6436
2021-03-02,28738501,3578092,2665566,1656941,4317,7177,6381
2021-03-03,28805113,3582495,2673115,1663505,4403,7549,6564
2021-03-04,28872395,3587750,2680637,1670973,5255,7522,7468
2021-03-05,28938090,3592812,2686191,1679124,5062,5554,8151
2021-03-06,28994675,3597075,2689785,1687250,4263,3594,8126
2021-03-07,29034739,3599828,2692573,1694908,2753,2788,7658
2021-03-08,29129252,3604005,2696533,1700348,4177,3960,5440
2021-03-09,29185151,3608146,2701913,1707181,4141,5380,6833
2021-03-10,29243346,3611614,2707234,1713287,3468,5321,6106
2021-03-11,29305733,3615174,2713387,1720456,3560,6153,7169
2021-03-12,29369899,3617479,2718585,1728900,2305,5198,8444
2021-03-13,29419456,3621217,2721431,1734933,3738,2846,6033
2021-03-14,29457445,3623465,2724143,1741620,2248,2712,6687
2021-03-15,29514609,3626427,2728799,1748739,2962,4656,7119
2021-03-16,29569140,3628489,2734622,1755450,2062,5823,6711
2021-03-17,29628071,3631857,2739163,1762032,3368,4541,6582
2021-03-18,29688541,3635429,2742559,1767547,3572,3396,5515
2021-03-19,29749164,3638641,2746452,1772624,3212,3893,5077
2021-03-20,29803589,3640830,2748905,1779291,2189,2453,6667
2021-03-21,29837782,3642778,2751212,1783026,1948,2307,3735
2021-03-22,29892498,3645684,2754620,1787934,2906,3408,4908
2021-03-23,29949244,3648181,2758973,1794735,2497,4353,6801
2021-03-24,30029147,3650958,2762762,1814919,2777,3789,20184
2021-03-25,30098263,3653449,2768120,1823602,2491,5358,8683
2021-03-26,30172762,3656822,2772019,1831605,3373,3899,8003
2021-03-27,30233462,3658932,2775092,1840338,2110,3073,8733
2021-03-28,30277977,3661102,2778062,1849190,2170,2970,8852
2021-03-29,30348716,3664161,2782555,1858162,3059,4493,8972
2021-03-30,30410950,3666541,2785961,1863912,2380,3406,5750
2021-03-31,30478886,3669048,2790030,1871595,2507,4069,7683
2021-04-01,30556079,3671690,2793685,1880768,2642,3655,9173
2021-04-02,30624668,3675457,2795691,1888823,3767,2006,8055
2021-04-03,30688804,3678343,2797366,1896534,2886,1675,7711
2021-04-04,30725627,3679968,2798366,1904141,1625,1000,7607
2021-04-05,30802221,3683077,2803306,1910858,3109,4940,6717
2021-04-06,30864193,3685338,2807504,1916964,2261,4198,6106
2021-04-07,30937283,3687758,2811415,1923414,2420,3911,6450
2021-04-08,31017741,3690309,2815899,1932145,2551,4484,8731
2021-04-09,31099323,3693923,2819137,1940703,3614,3238,8558
2021-04-10,31164081,3696900,2821570,1948232,2977,2433,7529
2021-04-11,31212058,3700795,2823018,1954809,3895,1448,6577
2021-04-12,31283990,3704295,2828568,1960567,3500,5550,5758
2021-04-13,31361311,3706904,2833381,1965610,2609,4813,5043
2021-04-14,31437061,3709392,2836974,1971610,2488,3593,6000
2021-04-15,31510755,3711717,2840297,1978594,2325,3323,6984
2021-04-16,31589109,3714542,2843308,1984884,2825,3011,6290
2021-04-17,31642983,3716759,2845113,1991271,2217,1805,6387
2021-04-18,31684382,3718367,2846552,1996876,1608,1439,5605
2021-04-19,31754642,3720922,2851247,2002053,2555,4695,5177
2021-04-20,31815666,3723405,2855946,2006712,2483,4699,4659
2021-04-21,31878161,3725355,2860001,2010967,1950,4055,4255
2021-04-22,31944402,3727911,2863676,2016244,2556,3675,5277
2021-04-23,32008186,3730175,2866290,2021094,2264,2614,4850
2021-04-24,32058654,3730549,2868275,2025257,374,1985,4163
2021-04-25,32092245,3731900,2869755,2029307,1351,1480,4050
2021-04-26,32139580,3734630,2874150,2032325,2730,4395,3018
2021-04-27,32191457,3736753,2877890,2035668,2123,3740,3343
2021-04-28,32246275,3738507,2882018,2038668,1754,4128,3000
2021-04-29,32303857,3739891,2885569,2042530,1384,3551,3862
2021-04-30,32362374,3742224,2889252,2046322,2333,3683,3792
2021-05-01,32407133,3743780,2891264,2050174,1556,2012,3852
2021-05-02,32436765,3745139,2892504,2053027,1359,1240,2853
2021-05-03,32486709,3747389,2896609,2055467,2250,4105,2440
2021-05-04,32527664,3749576,2899356,2057701,2187,2747,2234
2021-05-05,32572383,3751248,2901603,2060075,1672,2247,2374
2021-05-06,32620077,3753796,2904201,2062707,2548,2598,2632
2021-05-07,32667570,3755950,2907084,2065172,2154,2883,2465
2021-05-08,32701236,3757249,2908499,2068200,1299,1415,3028
2021-05-09,32723564,3758303,2909750,2070603,1054,1251,2403
2021-05-10,32760121,3760386,2912414,2072264,2083,2664,1661
2021-05-11,32794162,3761977,2915330,2073713,1591,2916,1449
2021-05-12,32829645,3763580,2917768,2075757,1603,2438,2044
2021-05-13,32868084,3765346,2920004,2077961,1766,2236,2204
2021-05-14,32909065,3766941,2922438,2080000,1595,2434,2039
2021-05-15,32938115,3768252,2923523,2081761,1311,1085,1761
2021-05-16,32954825,3769052,2924188,2083649,800,665,1888
2021-05-17,32984032,3770344,2926306,2085028,1292,2118,1379
2021-05-18,33011895,3771421,2929734,2086577,1077,3428,1549
2021-05-19,33040689,3773011,2931630,2087900,1590,1896,1323
2021-05-20,33070307,3774570,2933314,2089547,1559,1684,1647
2021-05-21,33099318,3775904,2934857,2091142,1334,1543,1595
2021-05-22,33117634,3776679,2935806,2092455,775,949,1313
2021-05-23,33131784,3777406,2936554,2093529,727,748,1074
2021-05-24,33157412,3778839,2939416,2094493,1433,2862,964
2021-05-25,33180250,3780128,2941936,2095438,1289,2520,945
2021-05-26,33203636,3781388,2943560,2096320,1260,1624,882
2021-05-27,33231383,3786674,2945297,2097465,5286,1737,1145
2021-05-28,33253407,3788120,2946950,2098395,1446,1653,930
2021-05-29,33264967,3788894,2947615,2099261,774,665,866
2021-05-30,33272409,3789496,2947780,2100109,602,165,848
2021-05-31,33277912,3789883,2947933,2100633,387,153,524
2021-06-01,33300626,3791188,2948635,2101111,1305,702,478
2021-06-02,33317484,3792111,2950982,2101514,923,2347,403
2021-06-03,33336953,3793194,2954086,2102003,1083,3104,489
2021-06-04,33312953,3794373,2955722,2102760,1179,1636,757
2021-06-05,33323401,3795202,2957016,2103612,829,1294,852
2021-06-06,33329554,3795959,2957646,2104103,757,630,491
2021-06-07,33349005,3797141,2958465,2104622,1182,819,519
2021-06-08,33363189,3798225,2960310,2105081,1084,1845,459
2021-06-09,33383852,3799174,2967261,2105507,949,6951,426
2021-06-10,33399648,3800222,2969114,2106056,1048,1853,549
2021-06-11,33416473,3801205,2970252,2106742,983,1138,686
2021-06-12,33424751,3801812,2971075,2107172,607,823,430
2021-06-13,33431538,3802390,2971498,2107535,578,423,363
2021-06-14,33446657,3803495,2972381,2107912,1105,883,377
2021-06-15,33458529,3804529,2973462,2108249,1034,1081,337
2021-06-16,33472935,3805390,2975716,2108535,861,2254,286
2021-06-17,33485122,3806400,2976499,2108978,1010,783,443
2021-06-18,33497837,3807542,2977580,2109393,1142,1081,415
2021-06-19,33505416,3808088,2979299,2109782,546,1719,389
2021-06-20,33509479,3808733,2979672,2110069,645,373,287
2021-06-21,33525323,3810024,2980325,2110346,1291,653,277
2021-06-22,33538085,3811099,2982215,2110612,1075,1890,266
2021-06-23,33552112,3811979,2983351,2110862,880,1136,250
2021-06-24,33566803,3812993,2985029,2111245,1014,1678,383
2021-06-25,33581766,3814393,2986713,2111588,1400,1684,343
2021-06-26,33588555,3815178,2988213,2111933,785,1500,345
2021-06-27,33592642,3816045,2988389,2112307,867,176,374
2021-06-28,33608190,3817655,2989253,2112628,1610,864,321
2021-06-29,33623919,3818311,2990978,2112872,656,1725,244
2021-06-30,33639892,3816704,2993964,2113147,-1607,2986,275
2021-07-01,33656397,3818156,2995274,2113544,1452,1310,397
2021-07-02,33677066,3820182,2997152,2114018,2026,1878,474
2021-07-03,33681756,3820882,2998381,2114297,700,1229,279
2021-07-04,33685247,3821453,2998600,2114609,571,219,312
2021-07-05,33690454,3822073,2999137,2114985,620,537,376
2021-07-06,33714142,3824416,3000308,2115292,2343,1171,307
2021-07-07,33746559,3827935,3004368,2115633,3519,4060,341
2021-07-08,33769662,3829878,3006725,2116270,1943,2357,637
2021-07-09,33804834,3832085,3009125,2117024,2207,2400,754
2021-07-10,33813725,3833655,3010721,2117754,1570,1596,730
2021-07-11,33820008,3835509,3011151,2118565,1854,430,811
2021-07-12,33852802,3839640,3012965,2119207,4131,1814,642
2021-07-13,33894515,3844675,3016622,2119875,5035,3657,668
2021-07-14,33932356,3847548,3021409,2120600,2873,4787,725
2021-07-15,33967961,3850825,3024418,2121529,3277,3009,929
2021-07-16,34019851,3855424,3029100,2122158,4599,4682,629
2021-07-17,34032851,3857764,3031733,2123579,2340,2633,1421
2021-07-18,34042378,3859898,3033479,2124722,2134,1746,1143
2021-07-19,34098206,3867829,3036032,2125663,7931,2553,941
2021-07-20,34160690,3874038,3040907,2126775,6209,4875,1112
2021-07-21,34222629,3882678,3048717,2127867,8640,7810,1092
2021-07-22,34286340,3889338,3056121,2129478,6660,7404,1611
2021-07-23,34368845,3898271,3062933,2131176,8933,6812,1698
2021-07-24,34391317,3901742,3067979,2133044,3471,5046,1868
2021-07-25,34405810,3904632,3069377,2135076,2890,1398,2032